,index,author,subreddit,subreddit_id,num_comments,score,over_18,stickied,locked,hide_score,month,id,count
255181,6nz1k,zekel,science,t5_mouw,33329,1621,False,False,False,False,8,1194274,1866
27650,675oj,matiasklein,reddit.com,t5_6,2039,1098,False,False,False,False,1,110326,1500
61666,7beo2,willjohnston,politics,t5_2cneq,1934,8538,False,False,False,False,3,263313,1375
27881,676ja,rpi22,reddit.com,t5_6,1377,669,False,False,False,False,1,111156,1297
303379,6tvaz,TheRealStick,politics,t5_2cneq,1425,788,False,False,False,False,9,1418768,1076
146762,7m6m4,Schlichten,worldnews,t5_2qh13,1335,1589,False,False,False,False,4,661500,1063
348786,6z9op,georgeb,programming,t5_2fwo,1269,1904,False,False,False,False,11,1622931,1057
347099,6z2e2,nucleophile,reddit.com,t5_6,1425,1517,False,False,False,False,11,1615471,1036
390039,7488a,IM_A_REPTILIAN,politics,t5_2cneq,1346,3361,False,False,False,False,11,1807317,1028
191379,6fo4i,cup,reddit.com,t5_6,1342,269,False,False,False,False,6,878543,1004
